Customer ID,First Name,Last Name,Gender,City,Name of State/Province
11000,Jon,Yang,Male,Rockhampton,Queensland
11001,Eugene,Huang,Male,Seaford,Victoria
11002,Ruben,Torres,Male,Hobart,Tasmania
11003,Christy,Zhu,Female,North Ryde,New South Wales
11004,Elizabeth,Johnson,Female,Wollongong,New South Wales
11005,Julio,Ruiz,Male,East Brisbane,Queensland
11006,Janet,Alvarez,Female,Matraville,New South Wales
11007,Marco,Mehta,Male,Warrnambool,Victoria
11008,Rob,Verhoff,Female,Bendigo,Victoria
11009,Shannon,Carlson,Male,Hervey Bay,Queensland
11010,Jacquelyn,Suarez,Female,East Brisbane,Queensland
11011,Curtis,Lu,Male,East Brisbane,Queensland
11012,Lauren,Walker,Female,Bremerton,Washington
11013,Ian,Jenkins,Male,Lebanon,Oregon
11014,Sydney,Bennett,Female,Redmond,Washington
11015,Chloe,Young,Female,Burbank,California
11016,Wyatt,Hill,Male,Imperial Beach,California
11017,Shannon,Wang,Female,Sunbury,Victoria
11018,Clarence,Rai,Male,Bendigo,Victoria
11019,Luke,Lal,Male,Langley,British Columbia
11020,Jordan,King,Male,Metchosin,British Columbia
11021,Destiny,Wilson,Female,Beaverton,Oregon
11022,Ethan,Zhang,Male,Bellingham,Washington
11023,Seth,Edwards,Male,Bellflower,California
11024,Russell,Xie,Male,Concord,California
11025,Alejandro,Beck,Male,Hawthorne,Queensland
11026,Harold,Sai,Male,Goulburn,New South Wales
11027,Jessie,Zhao,Male,Warrnambool,Victoria
11028,Jill,Jimenez,Female,St. Leonards,New South Wales
11029,Jimmy,Moreno,Male,Bendigo,Victoria
11030,Bethany,Yuan,Female,Cloverdale,South Australia
11031,Theresa,Ramos,Female,Matraville,New South Wales
11032,Denise,Stone,Female,Melbourne,Victoria
11033,Jaime,Nath,Male,Milsons Point,New South Wales
11034,Ebony,Gonzalez,Female,North Sydney,New South Wales
11035,Wendy,Dominguez,Female,Cranbourne,Victoria
11036,Jennifer,Russell,Female,National City,California
11037,Chloe,Garcia,Female,Cliffside,British Columbia
11038,Diana,Hernandez,Female,Lavender Bay,New South Wales
11039,Marc,Martin,Male,Wollongong,New South Wales
11040,Jesse,Murphy,Male,Tacoma,Washington
11041,Amanda,Carter,Female,Glendale,California
11042,Megan,Sanchez,Female,Los Angeles,California
11043,Nathan,Simmons,Male,Glendale,California
11044,Adam,Flores,Male,Hervey Bay,Queensland
11045,Leonard,Nara,Male,Matraville,New South Wales
11046,Christine,Yuan,Female,Lavender Bay,New South Wales
11047,Jaclyn,Lu,Female,Geelong,Victoria
11048,Jeremy,Powell,Male,Sunbury,Victoria
11049,Carol,Rai,Female,Chula Vista,California
11050,Alan,Zheng,Male,Hobart,Tasmania
11051,Daniel,Johnson,Male,Caloundra,Queensland
11052,Heidi,Lopez,Female,Matraville,New South Wales
11053,Ana,Price,Female,San Diego,California
11054,Deanna,Munoz,Female,Geelong,Victoria
11055,Gilbert,Raje,Male,East Brisbane,Queensland
11056,Michele,Nath,Female,Newcastle,New South Wales
11057,Carl,Andersen,Male,Lane Cove,New South Wales
11058,Marc,Diaz,Male,Findon,South Australia
11059,Ashlee,Andersen,Female,Townsville,Queensland
11060,Jon,Zhou,Male,Warrnambool,Victoria
11061,Todd,Gao,Male,Gold Coast,Queensland
11062,Noah,Powell,Male,Portland,Oregon
11063,Angela,Murphy,Female,Redmond,Washington
11064,Chase,Reed,Male,Downey,California
11065,Jessica,Henderson,Female,La Jolla,California
11066,Grace,Butler,Female,Lebanon,Oregon
11067,Caleb,Carter,Male,Port Orchard,Washington
11068,Tiffany,Liang,Female,Warrnambool,Victoria
11069,Carolyn,Navarro,Female,Gold Coast,Queensland
11070,Willie,Raji,Male,Sunbury,Victoria
11071,Linda,Serrano,Female,Hawthorne,Queensland
11072,Casey,Luo,Female,St. Leonards,New South Wales
11073,Amy,Ye,Female,Springwood,New South Wales
11074,Levi,Arun,Male,Cloverdale,South Australia
11075,Felicia,Jimenez,Female,Bendigo,Victoria
11076,Blake,Anderson,Male,Wollongong,New South Wales
11077,Leah,Ye,Female,Melton,Victoria
11078,Gina,Martin,Female,Cliffside,British Columbia
11079,Donald,Gonzalez,Male,Geelong,Victoria
11080,Damien,Chander,Male,Perth,South Australia
11081,Savannah,Baker,Female,Concord,California
11082,Angela,Butler,Female,Fremont,California
11083,Alyssa,Cox,Female,Lincoln Acres,California
11084,Lucas,Phillips,Male,Lebanon,Oregon
11085,Emily,Johnson,Female,Newport Beach,California
11086,Ryan,Brown,Male,Santa Monica,California
11087,Tamara,Liang,Female,Chula Vista,California
11088,Hunter,Davis,Male,San Diego,California
11089,Abigail,Price,Female,Long Beach,California
11090,Trevor,Bryant,Male,Los Angeles,California
11091,Dalton,Perez,Male,Haney,British Columbia
11092,Cheryl,Diaz,Female,East Brisbane,Queensland
11093,Aimee,He,Female,Wollongong,New South Wales
11094,Cedric,Ma,Male,Cranbourne,Victoria
11095,Chad,Kumar,Male,Port Macquarie,New South Wales
11096,Andrés,Anand,Male,North Sydney,New South Wales
11097,Edwin,Nara,Male,Warrnambool,Victoria
11098,Mallory,Rubio,Female,Rhodes,New South Wales
11099,Adam,Ross,Male,Port Macquarie,New South Wales
11100,Latasha,Navarro,Female,Cloverdale,South Australia
11101,Abby,Sai,Female,Cranbourne,Victoria
11102,Julia,Nelson,Female,Sydney,New South Wales
11103,Cassie,Chande,Female,Darlinghurst,New South Wales
11104,Edgar,Sara,Male,Gold Coast,Queensland
11105,Candace,Fernandez,Female,Matraville,New South Wales
11106,Jessie,Liu,Male,Warrnambool,Victoria
11107,Bianca,Lin,Female,St. Leonards,New South Wales
11108,Kari,Alvarez,Female,Port Macquarie,New South Wales
11109,Ruben,Kapoor,Male,South Melbourne,Victoria
11110,Curtis,Yang,Male,Darlinghurst,New South Wales
11111,Meredith,Gutierrez,Female,Geelong,Victoria
11112,Crystal,Wang,Female,Hervey Bay,Queensland
11113,Micheal,Blanco,Male,Perth,South Australia
11114,Leslie,Moreno,Female,Rhodes,New South Wales
11115,Alvin,Cai,Male,St. Leonards,New South Wales
11116,Clinton,Carlson,Male,Sydney,New South Wales
11117,April,Deng,Female,Matraville,New South Wales
11118,Alvin,Zeng,Male,Lavender Bay,New South Wales
11119,Evan,James,Male,Port Macquarie,New South Wales
11120,Beth,Jiménez,Female,Sydney,New South Wales
11121,Orlando,Suarez,Male,Newcastle,New South Wales
11122,Byron,Vazquez,Male,North Sydney,New South Wales
11123,Philip,Alvarez,Male,Sunbury,Victoria
11124,Ross,Jordan,Male,Warrnambool,Victoria
11125,Dana,Navarro,Female,Seaford,Victoria
11126,Shaun,Carson,Male,North Ryde,New South Wales
11127,Jan,Edwards,Female,San Gabriel,California
11128,Samantha,Long,Female,Renton,Washington
11129,Julia,Wright,Female,Sedro Woolley,Washington
11130,Caroline,Russell,Female,Lebanon,Oregon
11131,Amanda,Rivera,Female,Haney,British Columbia
11132,Melissa,Richardson,Female,Langford,British Columbia
11133,Angela,Griffin,Female,Lake Oswego,Oregon
11134,Larry,Townsend,Male,Perth,South Australia
11135,Marcus,Harris,Male,Burlingame,California
11136,Brianna,Morgan,Female,Metchosin,British Columbia
11137,Jasmine,Taylor,Female,Spokane,Washington
11138,Lauren,Davis,Female,Glendale,California
11139,Tanya,Moreno,Female,Cloverdale,South Australia
11140,Javier,Alvarez,Male,Burbank,California
11141,Nicole,Ramirez,Female,Daly City,California
11142,Eduardo,Patterson,Male,Langford,British Columbia
11143,Jonathan,Henderson,Male,Lakewood,California
11144,Edward,Hernandez,Male,Ballard,Washington
11145,Jasmine,Coleman,Female,Beaverton,Oregon
11146,Karla,Goel,Female,Matraville,New South Wales
11147,Ernest,Wu,Male,Warrnambool,Victoria
11148,Ross,Vazquez,Male,East Brisbane,Queensland
11149,Theodore,Gill,Male,Hervey Bay,Queensland
11150,Russell,Shen,Male,Sunbury,Victoria
11151,Melinda,Gill,Female,Sydney,New South Wales
11152,James,Williams,Male,Puyallup,Washington
11153,Angela,James,Female,Renton,Washington
11154,Megan,Walker,Female,Woodburn,Oregon
11155,Hunter,Robinson,Male,Burbank,California
11156,Maria,Roberts,Female,Lakewood,California
11157,Hannah,Long,Female,Tacoma,Washington
11158,Jason,Wright,Male,San Gabriel,California
11159,Brianna,Hughes,Female,Woodland Hills,California
11160,Maurice,Tang,Male,Concord,California
11161,Emily,Wood,Female,Concord,California
11162,Chase,Cox,Male,La Jolla,California
11163,Gabriel,Wang,Male,Spring Valley,California
11164,Devin,Brooks,Male,Torrance,California
11165,Jocelyn,Alexander,Female,Oakland,California
11166,Ashley,Martinez,Female,Olympia,Washington
11167,Jasmine,Barnes,Female,Issaquah,Washington
11168,David,Rodriguez,Male,Oakland,California
11169,Bryce,Richardson,Male,Coronado,California
11170,Carol,Howard,Female,Burien,Washington
11171,Jonathan,Hill,Male,Woodland Hills,California
11172,Gabrielle,Adams,Female,Lynnwood,Washington
11173,Sarah,Thomas,Female,W. Linn,Oregon
11174,Nicholas,Robinson,Male,Los Angeles,California
11175,Luis,Wang,Male,Beverly Hills,California
11176,Mason,Roberts,Male,Haney,British Columbia
11177,Jose,Flores,Male,San Diego,California
11178,Nathan,Johnson,Male,Lakewood,California
11179,Molly,Rodriguez,Female,Beverly Hills,California
11180,April,Anand,Female,Chula Vista,California
11181,Devin,Martin,Male,Los Angeles,California
11182,Stephanie,Torres,Female,Sedro Woolley,Washington
11183,Jasmine,Lee,Female,Santa Cruz,California
11184,Meghan,Hernandez,Female,Concord,California
11185,Ashley,Henderson,Female,Metchosin,British Columbia
11186,Sarah,Price,Female,Palo Alto,California
11187,Jennifer,Cooper,Female,Burien,Washington
11188,Catherine,Morris,Female,San Gabriel,California
11189,Lawrence,Blanco,Male,Bellingham,Washington
11190,Carson,Bryant,Male,Beverly Hills,California
11191,Kristi,Perez,Female,Colma,California
11192,James,Brown,Male,Seattle,Washington
11193,Ian,Gray,Male,Woodburn,Oregon
11194,Jacqueline,Price,Female,Palo Alto,California
11195,Megan,Henderson,Female,Renton,Washington
11196,Alfredo,Romero,Male,Beaverton,Oregon
11197,Andrea,Morris,Female,Seattle,Washington
11198,Brooke,Sanders,Female,Santa Cruz,California
11199,Jacqueline,Bennett,Female,Burlingame,California
11200,Jason,Griffin,Male,Victoria,British Columbia
11201,Amanda,Foster,Female,Santa Monica,California
11202,Alexia,Price,Female,Lakewood,California
11203,Luis,Diaz,Male,Port Hammond,British Columbia
11204,Destiny,Rivera,Female,Beaverton,Oregon
11205,Abby,Fernandez,Female,Burien,Washington
11206,Blake,Flores,Male,Lynnwood,Washington
11207,Danielle,Cox,Female,Renton,Washington
11208,Maria,Reed,Female,Glendale,California
11209,Allison,Evans,Female,Lincoln Acres,California
11210,Edward,Wood,Male,West Covina,California
11211,Samantha,Russell,Female,Haney,British Columbia
11212,Chloe,Campbell,Female,Metchosin,British Columbia
11213,Stephanie,Murphy,Female,Edmonds,Washington
11214,Charles,Miller,Male,Milwaukie,Oregon
11215,Ana,Perry,Female,Royal Oak,British Columbia
11216,Jasmine,Torres,Female,Portland,Oregon
11217,Natalie,Adams,Female,Portland,Oregon
11218,Olivia,Brown,Female,Tacoma,Washington
11219,Charles,Cook,Male,Woodburn,Oregon
11220,Erica,Huang,Female,Colma,California
11221,Nathan,Perry,Male,Lakewood,California
11222,Alexandra,Rivera,Female,Santa Monica,California
11223,Hailey,Patterson,Female,Langley,British Columbia
11224,Tiffany,Li,Female,Burien,Washington
11225,Madison,Lee,Female,Renton,Washington
11226,Sydney,Ross,Female,W. Linn,Oregon
11227,Marshall,Chavez,Male,Colma,California
11228,Ashley,Jones,Female,El Cajon,California
11229,Adrian,Stewart,Male,Redwood City,California
11230,Amber,Turner,Female,Santa Monica,California
11231,Dennis,Zhang,Male,Bremerton,Washington
11232,Hailey,Bryant,Female,Everett,Washington
11233,Todd,Li,Male,Berkeley,California
11234,Anna,Griffin,Female,Long Beach,California
11235,Angel,Stewart,Male,Ballard,Washington
11236,Jeremy,Butler,Male,Bellingham,Washington
11237,Clarence,Anand,Male,Solingen,Nordrhein-Westfalen
11238,Mayra,Prasad,Female,Birmingham,England
11239,Latoya,Goel,Female,London,England
11240,Anne,Hernandez,Female,Watford,England
11241,Lisa,Cai,Female,Les Ulis,Essonne
11242,Larry,Munoz,Male,Versailles,Yveline
11243,Robin,Alvarez,Female,Esher-Molesey,England
11244,Alexis,Coleman,Female,Runcorn,England
11245,Ricky,Vazquez,Male,Hamburg,Hessen
11246,Latasha,Rubio,Female,Hamburg,Hamburg
11247,Claudia,Zhou,Female,Lancaster,England
11248,Tristan,Alexander,Male,Saint-Denis,Seine Saint Denis
11249,Cindy,Patel,Female,Sulzbach Taunus,Saarland
11250,Shannon,Liu,Female,Woolston,England
11251,Xavier,Long,Male,Haney,British Columbia
11252,Nicholas,Thompson,Male,Lemon Grove,California
11253,José,Hernandez,Male,Victoria,British Columbia
11254,Johnathan,Vance,Male,Burien,Washington
11255,Colin,Lin,Male,Burien,Washington
11256,Katelyn,Hernandez,Female,Lynnwood,Washington
11257,Jacqueline,Powell,Female,Newport Beach,California
11258,Xavier,Hill,Male,Palo Alto,California
11259,Victoria,Stewart,Female,Salem,Oregon
11260,Katelyn,Kelly,Female,Burlingame,California
11261,Stephanie,Collins,Female,San Diego,California
11262,Jennifer,Simmons,Female,Port Hammond,British Columbia
11263,Trinity,Richardson,Female,Burien,Washington
11264,Eduardo,Martin,Male,Issaquah,Washington
11265,Elizabeth,Jones,Female,Kirkland,Washington
11266,Taylor,Howard,Female,Port Orchard,Washington
11267,David,Diaz,Male,Burlingame,California
11268,Katelyn,Carter,Female,Coronado,California
11269,Ryan,Foster,Male,Daly City,California
11270,Robert,Lee,Male,Lakewood,California
11271,Danielle,Reed,Female,San Francisco,California
11272,Lauren,Martinez,Female,Beverly Hills,California
11273,Nathan,Lal,Male,La Jolla,California
11274,Kyle,Foster,Male,Bellingham,Washington
11275,Jenny,Rai,Female,Colma,California
11276,Nancy,Chapman,Female,Cliffside,British Columbia
11277,Charles,Jackson,Male,Royal Oak,British Columbia
11278,Jonathan,Phillips,Male,Edmonds,Washington
11279,Amanda,Cook,Female,Everett,Washington
11280,Robert,Collins,Male,Lynnwood,Washington
11281,Megan,Barnes,Female,Burbank,California
11282,Christian,Thomas,Male,Burien,Washington
11283,Arturo,Lal,Male,Berkeley,California
11284,Theresa,Serrano,Female,Chula Vista,California
11285,Jeremy,Anderson,Male,Fremont,California
11286,Hunter,Griffin,Male,Torrance,California
11287,Henry,Garcia,Male,Cliffside,British Columbia
11288,Cindy,Sanchez,Female,Burbank,California
11289,Maria,Carter,Female,Downey,California
11290,Katelyn,Sanchez,Female,Lakewood,California
11291,Jenna,Wright,Female,Lemon Grove,California
11292,Seth,Phillips,Male,San Gabriel,California
11293,Luke,Long,Male,Port Orchard,Washington
11294,Dalton,Clark,Male,Issaquah,Washington
11295,Taylor,Lewis,Female,Concord,California
11296,Haley,Richardson,Female,Everett,Washington
11297,Noah,Coleman,Male,Burbank,California
11298,Jon,Luo,Male,Chula Vista,California
11299,Orlando,Vazquez,Male,Burbank,California
11300,Fernando,Barnes,Male,N. Vancouver,British Columbia
11301,Cameron,Rodriguez,Male,Ballard,Washington
11302,Spencer,Russell,Male,Corvallis,Oregon
11303,Julia,Coleman,Female,Edmonds,Washington
11304,Julia,Garcia,Female,Portland,Oregon
11305,Sean,Evans,Male,Chula Vista,California
11306,Micah,Zhou,Male,Coronado,California
11307,Hunter,Rodriguez,Male,Daly City,California
11308,Ian,Gonzales,Male,Oregon City,Oregon
11309,Victoria,Lewis,Female,Beaverton,Oregon
11310,Erin,Sanders,Female,San Francisco,California
11311,Gabrielle,Lopez,Female,Lynnwood,Washington
11312,Sara,Richardson,Female,Lynnwood,Washington
11313,Trevor,Jenkins,Male,Port Orchard,Washington
11314,Mya,Flores,Female,Issaquah,Washington
11315,Hailey,Ward,Female,Port Orchard,Washington
11316,Luke,Allen,Male,Langford,British Columbia
11317,Victoria,Russell,Female,Salem,Oregon
11318,Jessica,Wilson,Female,Edmonds,Washington
11319,Jade,Bailey,Female,Oakland,California
11320,Morgan,Hill,Female,Glendale,California
11321,Terrance,Raman,Male,Burien,Washington
11322,Sydney,Garcia,Female,Bremerton,Washington
11323,Jose,Patterson,Male,Daly City,California
11324,Zachary,Anderson,Male,Glendale,California
11325,Elijah,Ross,Male,Seattle,Washington
11326,Rafael,Xie,Male,Beverly Hills,California
11327,Jaime,Moreno,Male,Burbank,California
11328,Julian,Griffin,Male,Newton,British Columbia
11329,Andy,Alvarez,Male,Concord,California
11330,Ryan,Thompson,Male,Oak Bay,British Columbia
11331,Samantha,Jenkins,Female,Shawnee,British Columbia
11332,Deanna,Ramos,Female,Berlin,Nordrhein-Westfalen
11333,Emily,Miller,Female,Newcastle upon Tyne,England
11334,Nicole,Brown,Female,Stoke-on-Trent,England
11335,Carla,Raman,Female,Hof,Bayern
11336,Shaun,Raji,Male,Paris,Seine (Paris)
11337,Jerome,Romero,Male,Watford,England
11338,Frank,Navarro,Male,Bonn,Nordrhein-Westfalen
11339,Dennis,She,Male,Paris,Seine (Paris)
11340,Melody,Munoz,Female,Paris,Seine (Paris)
11341,Randy,Zeng,Male,Cheltenham,England
11342,Marshall,Wang,Male,Boulogne-sur-Mer,Pas de Calais
11343,Arthur,Carlson,Male,Oxon,England
11344,Jessie,Jimenez,Female,Oxford,England
11345,Robin,Ramos,Female,Tremblay-en-France,Seine Saint Denis
11346,Deanna,Gutierrez,Female,Paris,Seine (Paris)
11347,Roy,Navarro,Male,Braunschweig,Nordrhein-Westfalen
11348,Shawn,Rai,Male,Paderborn,Hamburg
11349,Mindy,Luo,Female,München,Hessen
11350,Cara,Zhou,Female,Peterborough,England
11351,Anne,Ramos,Female,London,England
11352,Raymond,Rodriguez,Male,Pantin,Seine Saint Denis
11353,Carrie,Ortega,Female,Warrington,England
11354,Deanna,Suarez,Female,Grevenbroich,Bayern
11355,Roberto,Gutierrez,Male,Wokingham,England
11356,Terrence,Carson,Male,Lavender Bay,New South Wales
11357,Ramon,Ye,Male,Caloundra,Queensland
11358,Cynthia,Malhotra,Female,Coffs Harbour,New South Wales
11359,Jarrod,Prasad,Male,Malabar,New South Wales
11360,Tyrone,Serrano,Male,Rockhampton,Queensland
11361,Cindy,Ramos,Female,Newcastle,New South Wales
11362,Damien,Shan,Male,Cranbourne,Victoria
11363,Julian,Ross,Male,Melbourne,Victoria
11364,Jennifer,Collins,Female,Geelong,Victoria
11365,Brittney,Sun,Female,Findon,South Australia
11366,Virginia,Patel,Female,Seaford,Victoria
11367,Calvin,Nara,Male,North Sydney,New South Wales
11368,Edward,Miller,Male,Rockhampton,Queensland
11369,Ashlee,Tang,Female,Findon,South Australia
11370,Alicia,Xu,Female,South Melbourne,Victoria
11371,Lacey,Jai,Female,Rockhampton,Queensland
11372,Wendy,Romero,Female,Brisbane,Queensland
11373,Carly,Luo,Female,Salzgitter,Hessen
11374,Jimmy,Ortega,Male,Werne,Nordrhein-Westfalen
11375,Francisco,Martinez,Male,High Wycombe,England
11376,Lance,Vazquez,Male,Liverpool,England
11377,David,Robinett,Male,Solingen,Nordrhein-Westfalen
11378,Shannon,Liang,Female,Metz,Moselle
11379,Gary,Vazquez,Male,Boulogne-Billancourt,Hauts de Seine
11380,Mitchell,Kumar,Male,Saarlouis,Saarland
11381,Meredith,Raman,Female,London,England
11382,Edward,Patterson,Male,Roubaix,Nord
11383,Marie,Gill,Female,Roissy en Brie,Seine et Marne
11384,Tiffany,Wang,Female,Les Ulis,Essonne
11385,Miguel,Allen,Male,York,England
11386,Jaclyn,Cai,Female,Darmstadt,Hessen
11387,Megan,Ramirez,Female,Gateshead,England
11388,Joseph,Martin,Male,York,England
11389,Karl,Shan,Male,Duesseldorf,Hessen
11390,Christine,Raji,Female,Saint Germain en Laye,Yveline
11391,Lindsay,Xie,Female,Salzgitter,Hessen
11392,Willie,Zhao,Male,Frankfurt,Hessen
11393,Kurt,Pal,Male,Saint Ouen,Loir et Cher
11394,George,McDonald,Male,Milton Keynes,England
11395,Beth,Gutierrez,Female,Frankfurt,Bayern
11396,Ian,Lopez,Male,Saarlouis,Saarland
11397,Latoya,Shan,Female,Paris,Seine (Paris)
11398,Colin,Nath,Male,Newcastle upon Tyne,England
11399,Brenda,Mehta,Female,Paris,Seine (Paris)
11400,Franklin,Raji,Male,London,England
11401,Linda,Navarro,Female,Paris,Seine (Paris)
11402,Kelli,Cai,Female,Orleans,Loiret
11403,Nancy,Schmidt,Female,Saint Ouen,Charente-Maritime
11404,Megan,Taylor,Female,Kassel,Hessen
11405,Bonnie,Goel,Female,Bonn,Hamburg
11406,Latoya,Xu,Female,Paris,Seine (Paris)
11407,Mario,She,Male,Münster,Saarland
11408,Darren,Gill,Male,London,England
11409,Jacqueline,Hayes,Female,Saint Germain en Laye,Yveline
11410,Maurice,Goel,Male,Paris,Seine (Paris)
11411,Devin,Ross,Male,Ingolstadt,Bayern
11412,Sydney,Bryant,Female,Ingolstadt,Bayern
11413,Megan,Stewart,Female,Gateshead,England
11414,Ian,Richardson,Male,Kirkby,England
11415,Randy,She,Male,Darmstadt,Hessen
11416,Katrina,Becker,Female,Croix,Nord
11417,Lacey,Zheng,Female,Pantin,Seine Saint Denis
11418,Rafael,Hu,Male,Paderborn,Nordrhein-Westfalen
11419,Kyle,Scott,Male,Watford,England
11420,Jordan,Turner,Male,Roubaix,Nord
11421,Amy,Sun,Female,Offenbach,Saarland
11422,Dustin,Deng,Male,Liverpool,England
11423,Jasmine,Stewart,Female,Hamburg,Hamburg
11424,Pamela,Garcia,Female,Berlin,Saarland
11425,Ariana,Gray,Female,Metz,Moselle
11426,Kristopher,Mehta,Male,Braunschweig,Nordrhein-Westfalen
11427,Desiree,Dominguez,Female,Kiel,Saarland
11428,Deanna,Perez,Female,Poing,Saarland
11429,Marco,Lopez,Male,Sèvres,Hauts de Seine
11430,Casey,Yuan,Female,Bottrop,Nordrhein-Westfalen
11431,Bryant,Garcia,Male,Hof,Bayern
11432,Dominique,Prasad,Female,Roissy en Brie,Seine et Marne
11433,Maurice,Shan,Male,Tremblay-en-France,Seine Saint Denis
11434,Andre,Lopez,Male,West Sussex,England
11435,Robin,Romero,Female,Kiel,Saarland
11436,Taylor,Cox,Female,Watford,England
11437,Alfredo,Moreno,Male,Villeneuve-d'Ascq,Nord
11438,Jenny,Nara,Female,Werne,Nordrhein-Westfalen
11439,Janet,Munoz,Female,Paris La Defense,Hauts de Seine
11440,Sergio,Weber,Male,Lille,Nord
11441,Erika,Gomez,Female,Paris,Seine (Paris)
11442,Joseph,Harris,Male,Tremblay-en-France,Seine Saint Denis
11443,Grace,Griffin,Female,Hobart,Tasmania
11444,Tina,Mehta,Female,Bendigo,Victoria
11445,Kari,Kim,Female,Silverwater,New South Wales
11446,Bethany,Chander,Female,Lane Cove,New South Wales
11447,Jennifer,Roberts,Female,Hervey Bay,Queensland
11448,Kyle,Patterson,Male,Melbourne,Victoria
11449,Alvin,Hu,Male,Seaford,Victoria
11450,Brett,Mehta,Male,Cloverdale,South Australia
11451,Ruben,Muñoz,Male,Newcastle,New South Wales
11452,Erika,Rubio,Female,Caloundra,Queensland
11453,Stanley,Malhotra,Male,Hobart,Tasmania
11454,Melinda,Navarro,Female,Melbourne,Victoria
11455,Ross,Sanz,Male,Melton,Victoria
11456,Jon,Gao,Male,St. Leonards,New South Wales
11457,Jaime,Gutierrez,Female,Wollongong,New South Wales
11458,Bianca,Liu,Female,Springwood,New South Wales
11459,Tasha,Deng,Female,Port Macquarie,New South Wales
11460,Melvin,Chande,Male,Cranbourne,Victoria
11461,Victor,Jimenez,Male,Lavender Bay,New South Wales
11462,Laura,Lin,Female,Matraville,New South Wales
11463,Alisha,Beck,Female,Cloverdale,South Australia
11464,Alejandro,Huang,Male,South Melbourne,Victoria
11465,Louis,Luo,Male,Gold Coast,Queensland
11466,Grant,Tang,Male,Lavender Bay,New South Wales
11467,Arturo,Zheng,Male,St. Leonards,New South Wales
11468,Jaclyn,Andersen,Female,York,England
11469,Edwin,Raji,Male,York,England
11470,Jay,Suarez,Male,Stuttgart,Saarland
11471,Latasha,Suarez,Female,Chatou,Yveline
11472,Kenneth,Kumar,Male,Hawthorne,Queensland
11473,Grace,Henderson,Female,Drancy,Seine Saint Denis
11474,Melvin,Xu,Male,Peterborough,England
11475,Cesar,Subram,Male,London,England
11476,Erika,Navarro,Female,Kirkby,England
11477,Tristan,Hughes,Male,Darmstadt,Hessen
11478,Billy,Hernandez,Male,Sèvres,Hauts de Seine
11479,Darryl,Wu,Male,Saint Ouen,Loir et Cher
11480,Colleen,Ma,Female,Tremblay-en-France,Seine Saint Denis
11481,Erica,Hu,Female,Braunschweig,Nordrhein-Westfalen
11482,Adrienne,Torres,Female,Warrington,England
11483,Calvin,Chande,Male,Paris,Seine (Paris)
11484,Erick,Sai,Male,Neunkirchen,Saarland
11485,Donald,Chandra,Male,Esher-Molesey,England
11486,Ariana,Rogers,Female,Erlangen,Bayern
11487,Morgan,Jones,Female,Dunkerque,Nord
11488,Jermaine,Lopez,Male,London,England
11489,Deborah,Goel,Female,Oxford,England
11490,Danny,Rubio,Male,Paris La Defense,Hauts de Seine
11491,Andre,Perez,Male,London,England
11492,Terrence,Chander,Male,Eilenburg,Brandenburg
11493,Dawn,Wu,Female,London,England
11494,Jimmy,Gutierrez,Male,Runcorn,England
11495,Francis,Jimenez,Male,Bonn,Nordrhein-Westfalen
11496,Gary,Ortega,Male,Warrington,England
11497,Katrina,Nath,Female,Newcastle upon Tyne,England
11498,Arturo,Sun,Male,Cliffside,British Columbia
11499,Pedro,Vance,Male,Concord,California
11500,Sarah,Simmons,Female,Langley,British Columbia
11501,Brandy,Chandra,Female,Cliffside,British Columbia
11502,Jared,Peterson,Male,Shawnee,British Columbia
11503,Dennis,Wu,Male,Coronado,California
11504,Jordan,Baker,Female,Downey,California
11505,Jasmine,Powell,Female,Burnaby,British Columbia
11506,Nicholas,Brown,Male,Port Hammond,British Columbia
11507,Isabella,Russell,Female,Victoria,British Columbia
11508,Elizabeth,Wilson,Female,Lynnwood,Washington
11509,Roger,Harui,Female,Novato,California
11510,Seth,Roberts,Male,N. Vancouver,British Columbia
11511,Caleb,Perry,Male,Lebanon,Oregon
11512,Natalie,Campbell,Female,Oak Bay,British Columbia
11513,Alyssa,Howard,Female,Royal Oak,British Columbia
11514,Dalton,Diaz,Male,Tacoma,Washington
11515,Shannon,Huang,Female,Burbank,California
11516,Mya,Gonzales,Female,Colma,California
11517,Katherine,Bryant,Female,Redwood City,California
11518,Edward,Washington,Male,Milwaukie,Oregon
11519,Jerome,Navarro,Male,Cliffside,British Columbia
11520,Jada,Morgan,Female,Port Hammond,British Columbia
11521,Ariana,Peterson,Female,Walla Walla,Washington
11522,Christian,Hughes,Male,Oregon City,Oregon
11523,Lucas,Taylor,Male,N. Vancouver,British Columbia
11524,Alyssa,Jackson,Female,Torrance,California
11525,Ariana,Cook,Female,Lebanon,Oregon
11526,Katherine,Diaz,Female,Westminster,British Columbia
11527,Jenna,Green,Female,San Gabriel,California
11528,Joan,Washington,Female,Glendale,California
11529,Austin,Bryant,Male,Portland,Oregon
11530,Andrew,Martinez,Male,N. Vancouver,British Columbia
11531,Nina,Yuan,Female,Beverly Hills,California
11532,Lauren,Miller,Female,Redmond,Washington
11533,Ebony,Gill,Female,Birmingham,Alabama
11534,Cameron,Lewis,Male,Long Beach,California
11535,Devin,Nelson,Male,Lebanon,Oregon
11536,Logan,Chow,Male,Fremont,California
11537,Dakota,Ross,Male,Colma,California
11538,Nicole,Taylor,Female,Palo Alto,California
11539,Justin,Washington,Male,Concord,California
11540,Alberto,Navarro,Male,Coronado,California
11541,Aidan,Ross,Male,Portland,Oregon
11542,Alejandro,Tang,Male,York,England
11543,Sheena,Chande,Female,Paris,Seine (Paris)
11544,Joel,Garcia,Male,Darmstadt,Hessen
11545,Reginald,Dominguez,Male,Paris,Seine (Paris)
11546,Christine,Chande,Female,Roubaix,Nord
11547,Cindy,Sai,Female,Paris,Seine (Paris)
11548,Raymond,Sanchez,Male,Berkshire,England
11549,Crystal,Liang,Female,London,England
11550,Deb,Torres,Female,Oxford,England
11551,Shannon,Alvarez,Male,Colombes,Hauts de Seine
11552,Eddie,Rubio,Male,Salzgitter,Hessen
11553,Sharon,Luo,Female,Reading,England
11554,Sydney,Simmons,Female,Tremblay-en-France,Seine Saint Denis
11555,Alexandria,Henderson,Female,Esher-Molesey,England
11556,Lucas,Evans,Male,Warrington,England
11557,Felicia,Ramos,Female,York,England
11558,Ivan,Malhotra,Male,Woolston,England
11559,Frederick,Subram,Male,Solingen,Nordrhein-Westfalen
11560,Whitney,Srini,Female,London,England
11561,Briana,Dominguez,Female,München,Nordrhein-Westfalen
11562,Jarrod,Gonzalez,Male,Leipzig,Nordrhein-Westfalen
11563,Cesar,Srini,Male,London,England
11564,Jorge,Liang,Male,Frankfurt am Main,Hamburg
11565,Erik,Diaz,Male,Berks,England
11566,April,Shan,Female,Cergy,Val d'Oise
11567,Carla,Perez,Female,Berlin,Saarland
11568,Alexia,Foster,Female,Cheltenham,England
11569,Troy,Malhotra,Male,West Sussex,England
11570,Kristin,Andersen,Female,Berlin,Hessen
11571,Joel,Sai,Male,Orleans,Loiret
11572,Billy,Moreno,Male,Dunkerque,Nord
11573,Meagan,Subram,Female,Woolston,England
11574,Karla,Luo,Female,West Sussex,England
11575,Jackson,Campbell,Male,Leeds,England
11576,Micah,Zhu,Male,Croix,Nord
11577,Janet,Serrano,Female,Paris,Seine (Paris)
11578,Trisha,Huang,Female,Pantin,Seine Saint Denis
11579,Clayton,Beck,Male,Warrington,England
11580,Melvin,Raje,Male,Berkshire,England
11581,Cindy,Jordan,Female,Paris,Seine (Paris)
11582,Claudia,Ma,Female,Pantin,Seine Saint Denis
11583,Karla,Xu,Female,Chatou,Yveline
11584,Devin,Carter,Male,Neunkirchen,Saarland
11585,Kari,Perez,Female,Billericay,England
11586,Alberto,Romero,Male,York,England
11587,Kevin,Bryant,Male,Metz,Moselle
11588,Candace,Mehta,Female,Saint-Denis,Seine Saint Denis
11589,Ebony,Malhotra,Female,London,England
11590,Erika,Diaz,Female,Drancy,Seine Saint Denis
11591,Stacey,Lu,Female,Versailles,Yveline
11592,Darrell,Raji,Male,Paris,Seine (Paris)
11593,Armando,Moreno,Male,Orleans,Loiret
11594,Corey,Goel,Male,Verrieres Le Buisson,Essonne
11595,Sebastian,Howard,Male,Erlangen,Bayern
11596,Roger,Raje,Male,Runcorn,England
11597,Janelle,Chandra,Female,Orly,Val de Marne
11598,Meredith,Ruiz,Female,Saarbrücken,Saarland
11599,Melody,Diaz,Female,Les Ulis,Essonne
11600,Linda,Rubio,Female,Sèvres,Hauts de Seine
11601,Ivan,Raman,Male,Versailles,Yveline
11602,Larry,Gill,Male,Salzgitter,Hessen
11603,Geoffrey,Gonzalez,Male,London,England
11604,Edgar,Sanchez,Male,Wokingham,England
11605,Heidi,Subram,Female,Stuttgart,Saarland
11606,Melody,Ramos,Female,Morangis,Essonne
11607,Clinton,Moreno,Male,Paris,Seine (Paris)
11608,Cesar,Madan,Male,Paris La Defense,Hauts de Seine
11609,Eugene,Ye,Male,York,England
11610,Blake,Collins,Male,Stoke-on-Trent,England
11611,Ernest,Lin,Male,Orleans,Loiret
11612,Keith,Andersen,Male,Berkshire,England
11613,Meredith,Prasad,Female,Leipzig,Nordrhein-Westfalen
11614,Katrina,Sharma,Female,Offenbach,Saarland
11615,Dwayne,Navarro,Male,Lancaster,England
11616,Casey,Nath,Female,Milton Keynes,England
11617,Sean,Brooks,Male,Grossmont,California
11618,Brian,Ramirez,Male,Cliffside,British Columbia
11619,Sierra,Young,Female,Victoria,British Columbia
11620,Megan,Rodriguez,Female,Bellingham,Washington
11621,Leah,She,Female,Bremerton,Washington
11622,Gabriel,Allen,Male,Kirkland,Washington
11623,Angela,Perry,Female,Fremont,California
11624,Ryan,Smith,Male,Mill Valley,California
11625,Zachary,Moore,Male,Palo Alto,California
11626,Destiny,Rogers,Female,San Francisco,California
11627,Dalton,Gray,Male,Spring Valley,California
11628,Mariah,Wood,Female,Bellflower,California
11629,Isaiah,Wright,Male,Newport Beach,California
11630,Haley,Powell,Female,Seattle,Washington
11631,Antonio,Bennett,Male,Langley,British Columbia
11632,Alexandra,Jenkins,Female,Langford,British Columbia
11633,Thomas,Anderson,Male,Burien,Washington
11634,Samuel,Collins,Male,Puyallup,Washington
11635,Darrell,Chande,Male,Beverly Hills,California
11636,Kimberly,Cox,Female,Daly City,California
11637,Morgan,Hernandez,Female,Los Angeles,California
11638,Antonio,Powell,Male,Mill Valley,California
11639,Angelica,Perry,Female,Mill Valley,California
11640,Chloe,Wilson,Female,Langford,British Columbia
11641,James,Chen,Male,Cliffside,British Columbia
11642,Morgan,Hughes,Female,Oak Bay,British Columbia
11643,Naomi,Munoz,Female,Burien,Washington
11644,Charles,Torres,Male,Redmond,Washington
11645,Gabriella,Turner,Female,Salem,Oregon
11646,Anna,Foster,Female,Burien,Washington
11647,Randy,Wu,Male,Cliffside,British Columbia
11648,Kevin,Scott,Male,Chula Vista,California
11649,Ian,White,Male,Newport Beach,California
11650,Caleb,Hayes,Male,Glendale,California
11651,Patricia,Garcia,Female,Cliffside,British Columbia
11652,Samuel,Russell,Male,Vancouver,British Columbia
11653,Sydney,Peterson,Female,Lebanon,Oregon
11654,Ariana,Sanchez,Female,Bellflower,California
11655,Tamara,Sharma,Female,Concord,California
11656,Katelyn,Perez,Female,Imperial Beach,California
11657,Megan,Cox,Female,Novato,California
11658,Robert,Mitchell,Male,Oakland,California
11659,Miguel,Adams,Male,Sooke,British Columbia
11660,Miranda,Gonzales,Female,Port Hammond,British Columbia
11661,Jeremiah,James,Male,Cliffside,British Columbia
11662,Ethan,Kumar,Male,Milwaukie,Oregon
11663,Seth,Williams,Male,Walla Walla,Washington
11664,Alyssa,Morgan,Female,Burlingame,California
11665,Janet,Dominguez,Female,Chula Vista,California
11666,Angel,Baker,Male,Torrance,California
11667,Blake,Moore,Male,Walla Walla,Washington
11668,Jada,Collins,Female,Beverly Hills,California
11669,Isabella,Simmons,Female,Tacoma,Washington
11670,Jacqueline,Perry,Female,Grossmont,California
11671,Jessica,Brown,Female,El Cajon,California
11672,Chad,Jai,Male,Beverly Hills,California
11673,Susan,Ye,Female,Burien,Washington
11674,Morgan,Rogers,Female,Woodland Hills,California
11675,Devin,Martinez,Male,Everett,Washington
11676,Alan,Hu,Male,Branch,Minnesota
11677,Charles,Walker,Male,Haney,British Columbia
11678,Johnny,Chavez,Male,Cheyenne,Wyoming
11679,Dalton,Richardson,Male,Puyallup,Washington
11680,Kaylee,Nelson,Female,Redmond,Washington
11681,Abigail,Jones,Female,Spokane,Washington
11682,Kaitlyn,Hall,Female,Tacoma,Washington
11683,Greg,Taylor,Male,El Cajon,California
11684,Devin,Parker,Male,Redmond,Washington
11685,Jose,Griffin,Male,Milwaukie,Oregon
11686,Luke,Edwards,Male,Glendale,California
11687,Cody,Torres,Male,La Jolla,California
11688,Victoria,Morris,Female,Sedro Woolley,Washington
11689,Ian,Diaz,Male,Edmonds,Washington
11690,Caroline,Butler,Female,Port Orchard,Washington
11691,Kaitlyn,Wilson,Female,Imperial Beach,California
11692,Caleb,Gonzales,Male,Burbank,California
11693,Hailey,Diaz,Female,Haney,British Columbia
11694,Jonathon,Ortega,Male,Colma,California
11695,Logan,Campbell,Male,Beverly Hills,California
11696,Mackenzie,Campbell,Female,Tacoma,Washington
11697,Eduardo,Lee,Male,Oakland,California
11698,Jackson,Wright,Male,Metchosin,British Columbia
11699,Chase,Peterson,Male,Walla Walla,Washington
11700,Xavier,Richardson,Male,Woodland Hills,California
11701,David,Hayes,Male,Novato,California
11702,Jenny,Zhou,Female,Burlingame,California
11703,Kaylee,Baker,Female,La Jolla,California
11704,Evan,Hernandez,Male,Santa Cruz,California
11705,Brooke,Richardson,Female,Woodland Hills,California
11706,Blake,Perez,Male,Burlingame,California
11707,Natalie,Cook,Female,Woodland Hills,California
11708,Elizabeth,Weisman,Female,Lincoln Acres,California
11709,Hailey,Collins,Female,Victoria,British Columbia
11710,Zoe,Ramirez,Female,La Jolla,California
11711,Daniel,Davis,Male,N. Vancouver,British Columbia
11712,Shelby,Rogers,Female,Haney,British Columbia
11713,Kyle,Zhang,Male,Kirkland,Washington
11714,Alexandria,Long,Female,San Diego,California
11715,Chloe,Robinson,Female,San Gabriel,California
11716,Evan,Kelly,Male,Daly City,California
11717,Marcus,Jones,Male,Corvallis,Oregon
11718,Sarah,Jones,Female,Oregon City,Oregon
11719,Blake,Green,Male,Cliffside,British Columbia
11720,Morgan,Morris,Female,San Diego,California
11721,Jennifer,Alexander,Female,Lincoln Acres,California
11722,Julian,Hughes,Male,Bellingham,Washington
11723,Luke,Coleman,Male,Shawnee,British Columbia
11724,Jason,Carter,Male,Shawnee,British Columbia
11725,Jose,Li,Male,Burien,Washington
11726,Micah,Liang,Male,Burien,Washington
11727,Benjamin,Taylor,Male,National City,California
11728,Logan,White,Male,Woodburn,Oregon
11729,Caleb,Campbell,Male,Kirkland,Washington
11730,Emma,Torres,Female,Redmond,Washington
11731,Tanya,Gill,Female,Burlingame,California
11732,Erick,Sanchez,Male,Cincinnati,Ohio
11733,Kristi,Schmidt,Female,Concord,California
11734,Omar,Chen,Male,Coronado,California
11735,Sydney,Gray,Female,Lynnwood,Washington
11736,Sebastian,Sanchez,Male,Fremont,California
11737,Megan,Martin,Female,Redwood City,California
11738,Elijah,Alexander,Male,Oak Bay,British Columbia
11739,Aaron,King,Male,Shawnee,British Columbia
11740,Jan,Hall,Female,Vancouver,British Columbia
11741,Tamara,Chander,Female,Chula Vista,California
11742,Edward,Lewis,Male,Redwood City,California
11743,Chase,Kelly,Male,Spring Valley,California
11744,Stephanie,Campbell,Female,Spring Valley,California
11745,Allison,Gonzalez,Female,Walla Walla,Washington
11746,Seth,Brooks,Male,Tacoma,Washington
11747,Destiny,Davis,Female,Edmonds,Washington
11748,Blake,Hill,Male,Victoria,British Columbia
11749,Eduardo,Jackson,Male,Coffs Harbour,New South Wales
11750,Latoya,She,Female,Newcastle,New South Wales
11751,Victoria,Gonzales,Female,Melton,Victoria
11752,Lauren,Bryant,Female,Goulburn,New South Wales
11753,Felicia,Ortega,Female,Coffs Harbour,New South Wales
11754,Janet,Ortega,Female,Malabar,New South Wales
11755,Willie,Pal,Male,Hervey Bay,Queensland
11756,Linda,Ortega,Female,St. Leonards,New South Wales
11757,Vincent,Cai,Male,Cranbourne,Victoria
11758,Colin,Yuan,Male,Darlinghurst,New South Wales
11759,Dawn,Nath,Female,Cloverdale,South Australia
11760,Melody,Moreno,Female,Findon,South Australia
11761,Edgar,Mehta,Male,Hobart,Tasmania
11762,Randall,Gomez,Male,Wollongong,New South Wales
11763,Ross,Fernandez,Male,Springwood,New South Wales
11764,Jessie,Ramos,Female,Newcastle,New South Wales
11765,Marc,Torres,Male,North Ryde,New South Wales
11766,Candace,Raman,Female,South Melbourne,Victoria
11767,Meagan,Madan,Female,Hawthorne,Queensland
11768,Clayton,Nara,Male,Perth,South Australia
11769,Haley,Hernandez,Female,Newton,British Columbia
11770,Peter,Nara,Male,Ballard,Washington
11771,Isaac,Rivera,Male,Marysville,Washington
11772,Cameron,Moore,Male,Tacoma,Washington
11773,Gavin,Diaz,Male,El Cajon,California
11774,Emma,Sanchez,Female,National City,California
11775,Sierra,Roberts,Female,Palo Alto,California
11776,Seth,Mitchell,Male,Santa Cruz,California
11777,Miranda,Long,Female,Burlingame,California
11778,Haley,Henderson,Female,Sedro Woolley,Washington
11779,Sarah,Jackson,Female,Woodburn,Oregon
11780,Jessica,Alexander,Female,Edmonds,Washington
11781,Carlos,Gray,Male,Daly City,California
11782,Barbara,Jai,Female,Burbank,California
11783,Sara,Mitchell,Female,San Diego,California
11784,Jose,Turner,Male,Metchosin,British Columbia
11785,Theodore,Diaz,Male,Ballard,Washington
11786,Ian,Murphy,Male,Redmond,Washington
11787,Jerry,Nath,Male,Burbank,California
11788,Destiny,James,Female,Los Angeles,California
11789,Bailey,Phillips,Female,National City,California
11790,Timothy,Gonzalez,Male,Chula Vista,California
11791,Chase,Morgan,Male,Spokane,Washington
11792,Alexia,Perry,Female,Colma,California
11793,Xavier,Rogers,Male,Burbank,California
11794,Lauren,Ross,Female,Lakewood,California
11795,Nicole,Thomas,Female,Downey,California
11796,Isabel,Jenkins,Female,Downey,California
11797,Devin,Coleman,Male,Oakland,California
11798,Brendan,Chande,Male,Bremerton,Washington
11799,Jessie,Wang,Male,Burien,Washington
11800,Jennifer,Baker,Female,Beaverton,Oregon
11801,Aaron,Sharma,Male,Beaverton,Oregon
11802,Madison,Taylor,Female,Oak Bay,British Columbia
11803,Jan,Hernandez,Female,Olympia,Washington
11804,Haley,Turner,Female,Redmond,Washington
11805,Richard,Green,Male,Beverly Hills,California
11806,Jennifer,Stewart,Female,Burlingame,California
11807,Lucas,Baker,Male,National City,California
11808,James,Parker,Male,N. Vancouver,British Columbia
11809,Juan,Gray,Male,Beverly Hills,California
11810,Antonio,Washington,Male,Bremerton,Washington
11811,Abigail,Brooks,Female,Colma,California
11812,Andrew,Rodriguez,Male,Walla Walla,Washington
11813,Mary,Patterson,Female,W. Linn,Oregon
11814,Dalton,Morgan,Male,Lake Oswego,Oregon
11815,Hannah,Patterson,Female,Tacoma,Washington
11816,Joe,Torres,Male,Beverly Hills,California
11817,Morgan,Miller,Female,Colma,California
11818,Daniel,Garcia,Male,Coronado,California
11819,Jose,Lal,Male,Everett,Washington
11820,Katelyn,Lopez,Female,Victoria,British Columbia
11821,Austin,Johnson,Male,Beverly Hills,California
11822,Rohinton,Wadia,Female,Lincoln Acres,California
11823,Morgan,Turner,Female,Metchosin,British Columbia
11824,Jill,Martin,Female,Newton,British Columbia
11825,Aimee,She,Female,Bellflower,California
11826,Jessie,Alonso,Female,Beverly Hills,California
11827,Sara,Baker,Female,Newton,British Columbia
11828,Katherine,Martinez,Female,Milwaukie,Oregon
11829,Sophia,Campbell,Female,Seattle,Washington
11830,Taylor,Garcia,Female,Lincoln Acres,California
11831,Christian,Ross,Male,San Carlos,California
11832,Zoe,Murphy,Female,Walla Walla,Washington
11833,Oscar,Price,Male,Oak Bay,British Columbia
11834,Fernando,Flores,Male,Mill Valley,California
11835,Elijah,Russell,Male,Metchosin,British Columbia
11836,Garrett,Travers,Male,Everett,Washington
11837,Haley,Alexander,Female,San Francisco,California
11838,Justin,Rodriguez,Male,Beaverton,Oregon
11839,Tyler,Brown,Male,Santa Monica,California
11840,Julian,Patterson,Male,Lincoln Acres,California
11841,Sean,Nelson,Male,Langley,British Columbia
11842,Justin,Wilson,Male,Olympia,Washington
11843,Christy,Nara,Female,Beaverton,Oregon
11844,Michele,Alvarez,Female,Chula Vista,California
11845,Natalie,Jones,Female,Shawnee,British Columbia
11846,Savannah,Reed,Female,Long Beach,California
11847,Cassidy,Diaz,Female,Portland,Oregon
11848,Joshua,Lewis,Male,Yakima,Washington
11849,Faith,Reed,Female,La Jolla,California
11850,Brooke,Ramirez,Female,Novato,California
11851,Jada,Mitchell,Female,Concord,California
11852,Kyle,Russell,Male,Lakewood,California
11853,Grace,Jones,Female,Concord,California
11854,Jason,Mitchell,Male,West Covina,California
11855,Christian,Walker,Male,Burlingame,California
11856,Seth,Hernandez,Male,Corvallis,Oregon
11857,Isabella,Young,Female,Edmonds,Washington
11858,Jordan,Coleman,Male,San Gabriel,California
11859,Blake,Garcia,Male,Olympia,Washington
11860,Nicole,Walker,Female,National City,California
11861,Katherine,Carter,Female,Westminster,British Columbia
11862,Olivia,Peterson,Female,Everett,Washington
11863,Jessica,Wood,Female,Sedro Woolley,Washington
11864,Elizabeth,Thompson,Female,Tacoma,Washington
11865,Chloe,Rivera,Female,National City,California
11866,Lucas,Scott,Male,Glendale,California
11867,Nathaniel,James,Male,National City,California
11868,Jessica,Peterson,Female,Vancouver,British Columbia
11869,Kaitlyn,Adams,Female,Westminster,British Columbia
11870,Jillian,Garcia,Female,Burien,Washington
11871,Dalton,Bennett,Male,Lynnwood,Washington
11872,Faith,Patterson,Female,Glendale,California
11873,Ryan,Zhang,Male,Spring Valley,California
11874,Adrian,Bell,Male,Woodland Hills,California
11875,Jonathan,Brown,Male,Langford,British Columbia
11876,Madison,White,Female,Oakland,California
11877,Alexis,Diaz,Female,Newport Beach,California
11878,Christine,Nara,Female,Ballard,Washington
11879,Edgar,Sai,Male,Beaverton,Oregon
11880,Melissa,Sanchez,Female,Salem,Oregon
11881,Richard,Mitchell,Male,Grossmont,California
11882,Patrick,Stewart,Male,Seattle,Washington
11883,Hannah,Anderson,Female,Burien,Washington
11884,Latoya,Shen,Female,Ballard,Washington
11885,Kurt,Sharma,Male,Burlingame,California
11886,Katelyn,Parker,Female,Santa Monica,California
11887,Joseph,White,Male,Coronado,California
11888,Aaron,Ross,Male,Cliffside,British Columbia
11889,Blake,Patterson,Male,Puyallup,Washington
11890,Whitney,Lopez,Female,Berkeley,California
11891,Jamie,Liang,Female,Beverly Hills,California
11892,Julio,Ortega,Male,Rhodes,New South Wales
11893,Orlando,Carlson,Male,Sydney,New South Wales
11894,Ann,Gonzalez,Female,Hervey Bay,Queensland
11895,Dustin,Chander,Male,Gold Coast,Queensland
11896,Frank,Carlson,Male,Springwood,New South Wales
11897,Orlando,Ashe,Male,South Melbourne,Victoria
11898,Angela,Henderson,Female,Brisbane,Queensland
11899,Brenda,Perez,Female,Melton,Victoria
11900,Byron,Carlson,Male,Newcastle,New South Wales
11901,Stacy,Alvarez,Female,Darlinghurst,New South Wales
11902,Drew,Pal,Male,Malabar,New South Wales
11903,Kate,Raji,Female,Caloundra,Queensland
11904,Kaylee,Cook,Female,Geelong,Victoria
11905,Isaiah,Ramirez,Male,Hobart,Tasmania
11906,Gabriella,Sanders,Female,Brisbane,Queensland
11907,Sarah,Garcia,Female,Wollongong,New South Wales
11908,Rafael,Tang,Male,South Melbourne,Victoria
11909,Nichole,She,Female,Rockhampton,Queensland
11910,Jaclyn,Zheng,Female,Goulburn,New South Wales
11911,Rachael,Kapoor,Female,Geelong,Victoria
11912,Rachael,Sai,Female,Townsville,Queensland
11913,Rebecca,Robinson,Female,Seaford,Victoria
11914,Meagan,Rana,Female,Port Macquarie,New South Wales
11915,Philip,Carlson,Male,Port Macquarie,New South Wales
11916,Joe,Rana,Male,Warrnambool,Victoria
11917,Roy,Sanz,Male,Darlinghurst,New South Wales
11918,Kaylee,Hill,Female,Coffs Harbour,New South Wales
11919,Warren,Andersen,Male,Rockhampton,Queensland
11920,Adrienne,Gomez,Female,Brisbane,Queensland
11921,Gilbert,Zhu,Male,Cranbourne,Victoria
11922,James,Davis,Male,Victoria,British Columbia
11923,Sarah,Bryant,Female,National City,California
11924,Ian,Long,Male,Novato,California
11925,Ashlee,Jai,Female,Bellingham,Washington
11926,Eduardo,Foster,Male,Oregon City,Oregon
11927,Nicole,Murphy,Female,Sedro Woolley,Washington
11928,Isabella,Morris,Female,El Cajon,California
11929,Virginia,Gonzalez,Female,St. Leonards,New South Wales
11930,Jaclyn,Nara,Female,North Sydney,New South Wales
11931,Marcus,Adams,Male,Palo Alto,California
11932,Elizabeth,Coleman,Female,Santa Monica,California
11933,Mathew,Rubio,Male,Bellingham,Washington
11934,Justin,Shan,Male,Burien,Washington
11935,Jessica,Taylor,Female,Lebanon,Oregon
11936,Hunter,Clark,Male,Redmond,Washington
11937,Devin,Perez,Male,Salem,Oregon
11938,Seth,Alexander,Male,Daly City,California
11939,Kevin,Washington,Male,Imperial Beach,California
11940,Tyler,Miller,Male,Woodland Hills,California
11941,Adam,Roberts,Male,Woodburn,Oregon
11942,George,Gonzalez,Male,Newcastle,New South Wales
11943,Dawn,Huang,Female,Warrnambool,Victoria
11944,Rachael,Rodriguez,Female,Silverwater,New South Wales
11945,Dennis,Huang,Male,Concord,California
11946,Brandy,Saunders,Female,Sydney,New South Wales
11947,Jenny,Zheng,Female,Rhodes,New South Wales
11948,Tasha,Xu,Female,St. Leonards,New South Wales
11949,Julia,Brooks,Female,Torrance,California
11950,Jordan,Carter,Female,Coronado,California
11951,Lacey,Huang,Female,Melbourne,Victoria
11952,Dorothy,Robinson,Male,Geelong,Victoria
11953,Courtney,Wright,Female,Milwaukie,Oregon
11954,Joseph,Garcia,Male,Glendale,California
11955,Gabriel,Green,Male,Glendale,California
11956,Alexandria,Sandberg,Female,Beverly Hills,California
11957,Courtney,Hernandez,Female,Redmond,Washington
11958,Dylan,Lal,Male,Bremerton,Washington
11959,Elizabeth,Davis,Female,Lemon Grove,California
11960,Ana,Griffin,Female,Redmond,Washington
11961,Anne,Alvarez,Female,Berkeley,California
11962,Alexandra,Roberts,Female,Bellflower,California
11963,Antonio,Patterson,Male,Coffs Harbour,New South Wales
11964,Sharon,Salavaria,Male,East Brisbane,Queensland
11965,Katie,She,Female,Matraville,New South Wales
11966,Rafael,Black,Male,Bendigo,Victoria
11967,Latasha,Munoz,Female,Hervey Bay,Queensland
11968,Kelsey,Becker,Female,Milsons Point,New South Wales
11969,Randy,Xu,Male,Perth,South Australia
11970,Bailey,Collins,Female,W. Linn,Oregon
11971,Amanda,Adams,Female,Fremont,California
11972,Katherine,Williams,Female,Edmonds,Washington
11973,Caroline,Barnes,Female,Renton,Washington
11974,Randy,Sun,Male,Berkeley,California
11975,Destiny,Garcia,Female,Chula Vista,California
11976,Audrey,Ramos,Female,North Sydney,New South Wales
11977,Bonnie,Jai,Female,Newcastle,New South Wales
11978,Jackson,Washington,Male,Fremont,California
11979,Christopher,Johnson,Male,Victoria,British Columbia
11980,Kimberly,Richardson,Female,Santa Monica,California
11981,Alexandria,Howard,Female,Everett,Washington
11982,Alexandra,Foster,Female,San Diego,California
11983,Cheryl,Ortega,Female,Bellflower,California
11984,Alex,Campbell,Male,Oak Bay,British Columbia
11985,Melanie,Hughes,Female,Beaverton,Oregon
11986,Max,Alvarez,Male,Geelong,Victoria
11987,Diane,Vazquez,Female,South Melbourne,Victoria
11988,Kathryn,Chapman,Female,Goulburn,New South Wales
11989,Kara,Anand,Female,Hawthorne,Queensland
11990,Joanna,Vazquez,Female,Newcastle,New South Wales
11991,Frederick,Martinez,Male,Milsons Point,New South Wales
11992,Tonya,Chande,Female,Brisbane,Queensland
11993,Rosa,Wang,Female,Goulburn,New South Wales
11994,Leah,Hu,Female,Townsville,Queensland
11995,Kelvin,Carson,Male,Sunbury,Victoria
11996,Veronica,Srini,Female,Caloundra,Queensland
11997,Kristina,Kapoor,Female,Coffs Harbour,New South Wales
11998,Donna,Sharma,Female,Hawthorne,Queensland
11999,Johnny,Shan,Male,Newcastle,New South Wales
